time_s,global_margin_m,collision_flag,candidate_pairs,tested_pairs,circle_rejected_pairs
0.0,1.692786709729e-01,0,,1027,23504
0.5,1.686781313630e-01,0,,1030,23501
1.0,1.681779295018e-01,0,,1031,23500
1.5,1.677783919448e-01,0,,1033,23498
2.0,1.674798454342e-01,0,,1032,23499
2.5,1.672826168936e-01,0,,1033,23498
3.0,1.671870334152e-01,0,,1039,23492
3.5,1.671934222540e-01,0,,1037,23494
4.0,1.673021108175e-01,0,,1027,23504
4.5,1.675134266572e-01,0,,1036,23495
5.0,1.678276974591e-01,0,,1030,23501
5.5,1.677192915016e-01,0,,1028,23503
6.0,1.673859754432e-01,0,,1034,23497
6.5,1.671543709225e-01,0,,1031,23500
7.0,1.670248076071e-01,0,,1032,23499
7.5,1.669976153339e-01,0,,1032,23499
8.0,1.670731240949e-01,0,,1036,23495
8.5,1.672516640317e-01,0,,1038,23493
9.0,1.675335654255e-01,0,,1027,23504
9.5,1.679191586872e-01,0,,1036,23495
10.0,1.684087743486e-01,0,,1038,23493
10.5,1.690027430519e-01,0,,1025,23506
11.0,1.697013955409e-01,0,,1036,23495
11.5,1.705050626506e-01,0,,1030,23501
12.0,1.714140752972e-01,0,,1032,23499
12.5,1.724287644676e-01,0,,1030,23501
13.0,1.735494612117e-01,0,,1036,23495
13.5,1.747764966274e-01,0,,1037,23494
14.0,1.761102018544e-01,0,,1027,23504
14.5,1.775509080613e-01,0,,1036,23495
15.0,1.790989464351e-01,0,,1041,23490
15.5,1.807546481710e-01,0,,1029,23502
16.0,1.825183444612e-01,0,,1039,23492
16.5,1.843887477810e-01,0,,1032,23499
17.0,1.843409286283e-01,0,,1033,23498
17.5,1.842948106615e-01,0,,1034,23497
18.0,1.843511212423e-01,0,,1038,23493
18.5,1.843753451201e-01,0,,1040,23491
19.0,1.842980391240e-01,0,,1035,23496
19.5,1.843230600986e-01,0,,1041,23490
20.0,1.828903098933e-01,0,,1042,23489
20.5,1.809742535505e-01,0,,1033,23498
21.0,1.791632850036e-01,0,,1044,23487
21.5,1.774577792080e-01,0,,1037,23494
22.0,1.758581114724e-01,0,,1041,23490
22.5,1.743646574487e-01,0,,1041,23490
23.0,1.729777931271e-01,0,,1042,23489
23.5,1.716978948208e-01,0,,1043,23488
24.0,1.705253391585e-01,0,,1039,23492
24.5,1.694605030754e-01,0,,1042,23489
25.0,1.685037638017e-01,0,,1044,23487
25.5,1.676554988528e-01,0,,1033,23498
26.0,1.669160860184e-01,0,,1041,23490
26.5,1.662859033527e-01,0,,1041,23490
27.0,1.657653291635e-01,0,,1033,23498
27.5,1.653547419995e-01,0,,1043,23488
28.0,1.650545206438e-01,0,,1039,23492
28.5,1.648650440969e-01,0,,1043,23488
29.0,1.647866915696e-01,0,,1039,23492
29.5,1.648198424699e-01,0,,1043,23488
30.0,1.649648763916e-01,0,,1047,23484
30.5,1.652221731021e-01,0,,1035,23496
31.0,1.655921125310e-01,0,,1044,23487
31.5,1.652449268972e-01,0,,1047,23484
32.0,1.649187598857e-01,0,,1039,23492
32.5,1.647038158317e-01,0,,1049,23482
33.0,1.646004770260e-01,0,,1040,23491
33.5,1.646091259595e-01,0,,1044,23487
34.0,1.647301453150e-01,0,,1043,23488
34.5,1.649639179536e-01,0,,1046,23485
35.0,1.653108269035e-01,0,,1051,23480
35.5,1.657712553468e-01,0,,1042,23489
36.0,1.663455866076e-01,0,,1049,23482
36.5,1.670342041398e-01,0,,1049,23482
37.0,1.678374915122e-01,0,,1043,23488
37.5,1.687558323998e-01,0,,1050,23481
38.0,1.697896105654e-01,0,,1042,23489
38.5,1.709392098494e-01,0,,1047,23484
39.0,1.722050141565e-01,0,,1048,23483
39.5,1.735874074401e-01,0,,1050,23481
40.0,1.750867736899e-01,0,,1050,23481
40.5,1.767034969180e-01,0,,1049,23482
41.0,1.784379611426e-01,0,,1051,23480
41.5,1.802905503765e-01,0,,1053,23478
42.0,1.822616486086e-01,0,,1048,23483
42.5,1.825141175692e-01,0,,1054,23477
43.0,1.823896613151e-01,0,,1048,23483
43.5,1.823768753045e-01,0,,1049,23482
44.0,1.824761406379e-01,0,,1055,23476
44.5,1.824158503881e-01,0,,1051,23480
45.0,1.823689123066e-01,0,,1053,23478
45.5,1.803555853850e-01,0,,1052,23479
46.0,1.783531784208e-01,0,,1052,23479
46.5,1.764658216064e-01,0,,1054,23477
47.0,1.746939515048e-01,0,,1048,23483
47.5,1.730380051178e-01,0,,1056,23475
48.0,1.714984198746e-01,0,,1054,23477
48.5,1.700756336211e-01,0,,1049,23482
49.0,1.687700846047e-01,0,,1057,23474
49.5,1.675822114634e-01,0,,1050,23481
50.0,1.665124532106e-01,0,,1051,23480
50.5,1.655612492233e-01,0,,1049,23482
51.0,1.647290392277e-01,0,,1050,23481
51.5,1.640162632866e-01,0,,1051,23480
52.0,1.634233617836e-01,0,,1047,23484
52.5,1.629507754106e-01,0,,1050,23481
53.0,1.625989451517e-01,0,,1052,23479
53.5,1.623683122705e-01,0,,1050,23481
54.0,1.622593182937e-01,0,,1059,23472
54.5,1.622724049969e-01,0,,1048,23483
55.0,1.624080143890e-01,0,,1050,23481
55.5,1.626665886955e-01,0,,1052,23479
56.0,1.630485703465e-01,0,,1052,23479
56.5,1.627950833581e-01,0,,1054,23477
57.0,1.624278055003e-01,0,,1052,23479
57.5,1.621823058461e-01,0,,1055,23476
58.0,1.620590296197e-01,0,,1055,23476
58.5,1.620584222996e-01,0,,1051,23480
59.0,1.621809296021e-01,0,,1059,23472
59.5,1.624269974661e-01,0,,1050,23481
60.0,1.627970720360e-01,0,,1053,23478
60.5,1.632915996485e-01,0,,1058,23473
61.0,1.639110268125e-01,0,,1055,23476
61.5,1.646558001950e-01,0,,1053,23478
62.0,1.655263666028e-01,0,,1056,23475
62.5,1.665231729658e-01,0,,1056,23475
63.0,1.676466663207e-01,0,,1056,23475
63.5,1.688972937911e-01,0,,1052,23479
64.0,1.702755025705e-01,0,,1061,23470
64.5,1.717817399074e-01,0,,1056,23475
65.0,1.734164530802e-01,0,,1055,23476
65.5,1.751800893844e-01,0,,1064,23467
66.0,1.770730961109e-01,0,,1060,23471
66.5,1.790959205277e-01,0,,1061,23470
67.0,1.803485995632e-01,0,,1064,23467
67.5,1.804841332047e-01,0,,1063,23468
68.0,1.803565398644e-01,0,,1064,23467
68.5,1.803317063262e-01,0,,1060,23471
69.0,1.804296126089e-01,0,,1068,23463
69.5,1.803885766964e-01,0,,1067,23464
70.0,1.785665445441e-01,0,,1061,23470
70.5,1.764192097745e-01,0,,1075,23456
71.0,1.743979825440e-01,0,,1064,23467
71.5,1.725033733644e-01,0,,1066,23465
72.0,1.707358933069e-01,0,,1068,23463
72.5,1.690960539830e-01,0,,1067,23464
73.0,1.675843675302e-01,0,,1068,23463
73.5,1.662013465941e-01,0,,1064,23467
74.0,1.649475043118e-01,0,,1068,23463
74.5,1.638233542932e-01,0,,1068,23463
75.0,1.628294106056e-01,0,,1065,23466
75.5,1.619661877541e-01,0,,1071,23460
76.0,1.612342006633e-01,0,,1059,23472
76.5,1.606339646593e-01,0,,1063,23468
77.0,1.601659954521e-01,0,,1066,23465
77.5,1.598308091135e-01,0,,1065,23466
78.0,1.596289220601e-01,0,,1066,23465
78.5,1.595608510326e-01,0,,1069,23462
79.0,1.596271130760e-01,0,,1067,23464
79.5,1.598282255190e-01,0,,1067,23464
80.0,1.601647059535e-01,0,,1065,23466
80.5,1.604215319425e-01,0,,1070,23461
81.0,1.599505255791e-01,0,,1062,23469
81.5,1.596130079007e-01,0,,1063,23468
82.0,1.594094997898e-01,0,,1067,23464
82.5,1.593405224576e-01,0,,1064,23467
83.0,1.594065974235e-01,0,,1065,23466
83.5,1.596082464949e-01,0,,1068,23463
84.0,1.599459917457e-01,0,,1064,23467
84.5,1.604203554949e-01,0,,1063,23468
85.0,1.610318602865e-01,0,,1065,23466
85.5,1.617810288643e-01,0,,1068,23463
86.0,1.626683841530e-01,0,,1063,23468
86.5,1.636944492330e-01,0,,1064,23467
87.0,1.648597473188e-01,0,,1072,23459
87.5,1.661648017349e-01,0,,1062,23469
88.0,1.676101358922e-01,0,,1067,23464
88.5,1.691962732630e-01,0,,1069,23462
89.0,1.709237373592e-01,0,,1065,23466
89.5,1.727930517048e-01,0,,1070,23461
90.0,1.748047398102e-01,0,,1071,23460
90.5,1.769593251490e-01,0,,1074,23457
91.0,1.781576366590e-01,0,,1074,23457
91.5,1.782372868053e-01,0,,1072,23459
92.0,1.782565125529e-01,0,,1081,23450
92.5,1.781602243574e-01,0,,1067,23464
93.0,1.781985468337e-01,0,,1074,23457
93.5,1.777138956580e-01,0,,1075,23456
94.0,1.753469077787e-01,0,,1070,23461
94.5,1.731182912119e-01,0,,1078,23453
95.0,1.710286456764e-01,0,,1073,23458
95.5,1.690785716118e-01,0,,1075,23456
96.0,1.672686701567e-01,0,,1075,23456
96.5,1.655995431313e-01,0,,1076,23455
97.0,1.640717930100e-01,0,,1079,23452
97.5,1.626860229023e-01,0,,1068,23463
98.0,1.614428365276e-01,0,,1074,23457
98.5,1.603428381938e-01,0,,1075,23456
99.0,1.593866327720e-01,0,,1071,23460
99.5,1.585748256721e-01,0,,1076,23455
100.0,1.579080228210e-01,0,,1079,23452
100.5,1.573868306332e-01,0,,1075,23456
101.0,1.570118559885e-01,0,,1076,23455
101.5,1.567837062053e-01,0,,1078,23453
102.0,1.567029890135e-01,0,,1083,23448
102.5,1.567703125288e-01,0,,1076,23455
103.0,1.569862852247e-01,0,,1080,23451
103.5,1.573515159042e-01,0,,1080,23451
104.0,1.576177341882e-01,0,,1075,23456
104.5,1.571089431133e-01,0,,1079,23452
105.0,1.567472334295e-01,0,,1082,23449
105.5,1.565332178869e-01,0,,1077,23454
106.0,1.564675096508e-01,0,,1077,23454
106.5,1.565507222746e-01,0,,1080,23451
107.0,1.567834696708e-01,0,,1084,23447
107.5,1.571663660854e-01,0,,1080,23451
108.0,1.577000260665e-01,0,,1079,23452
108.5,1.583850644366e-01,0,,1087,23444
109.0,1.592220962626e-01,0,,1077,23454
109.5,1.602117368266e-01,0,,1082,23449
110.0,1.613546015938e-01,0,,1083,23448
110.5,1.626513061806e-01,0,,1080,23451
111.0,1.641024663284e-01,0,,1081,23450
111.5,1.657086978640e-01,0,,1081,23450
112.0,1.674706166711e-01,0,,1086,23445
112.5,1.693888386579e-01,0,,1080,23451
113.0,1.714639797208e-01,0,,1087,23444
113.5,1.736966557115e-01,0,,1093,23438
114.0,1.759019724879e-01,0,,1078,23453
114.5,1.758504988202e-01,0,,1084,23447
115.0,1.759476113664e-01,0,,1086,23445
115.5,1.759474359894e-01,0,,1083,23448
116.0,1.758505165312e-01,0,,1085,23446
116.5,1.754347018858e-01,0,,1084,23447
117.0,1.729052198513e-01,0,,1085,23446
117.5,1.705283978788e-01,0,,1081,23450
118.0,1.683049447798e-01,0,,1085,23446
118.5,1.662355702891e-01,0,,1092,23439
119.0,1.643209850404e-01,0,,1080,23451
119.5,1.625619005349e-01,0,,1085,23446
120.0,1.609590291135e-01,0,,1086,23445
120.5,1.595130839239e-01,0,,1083,23448
121.0,1.582247788926e-01,0,,1081,23450
121.5,1.570948286902e-01,0,,1088,23443
122.0,1.561239487021e-01,0,,1085,23446
122.5,1.553128549930e-01,0,,1078,23453
123.0,1.546622642763e-01,0,,1085,23446
123.5,1.541728938783e-01,0,,1092,23439
124.0,1.538454617033e-01,0,,1081,23450
124.5,1.536806862008e-01,0,,1089,23442
125.0,1.536792863265e-01,0,,1091,23440
125.5,1.538419815078e-01,0,,1084,23447
126.0,1.541694916063e-01,0,,1087,23444
126.5,1.546625368794e-01,0,,1091,23440
127.0,1.542975469647e-01,0,,1085,23446
127.5,1.538398929137e-01,0,,1083,23448
128.0,1.535452423378e-01,0,,1090,23441
128.5,1.534143203374e-01,0,,1092,23439
129.0,1.534478525206e-01,0,,1085,23446
129.5,1.536465649653e-01,0,,1090,23441
130.0,1.540111841820e-01,0,,1095,23436
130.5,1.545424370735e-01,0,,1086,23445
131.0,1.552410508989e-01,0,,1092,23439
131.5,1.561077532299e-01,0,,1090,23441
132.0,1.571432719124e-01,0,,1089,23442
132.5,1.583483350251e-01,0,,1091,23440
133.0,1.597236708363e-01,0,,1092,23439
133.5,1.612700077608e-01,0,,1093,23438
134.0,1.629880743193e-01,0,,1090,23441
134.5,1.648785990898e-01,0,,1098,23433
135.0,1.669423106650e-01,0,,1100,23431
135.5,1.691799376052e-01,0,,1089,23442
136.0,1.715922083947e-01,0,,1098,23433
136.5,1.735073762290e-01,0,,1099,23432
137.0,1.733911178828e-01,0,,1097,23434
137.5,1.734389129145e-01,0,,1096,23435
138.0,1.735759151546e-01,0,,1099,23432
138.5,1.734094080774e-01,0,,1099,23432
139.0,1.714292078913e-01,0,,1095,23436
139.5,1.688170343773e-01,0,,1102,23429
140.0,1.663743355130e-01,0,,1104,23427
140.5,1.641019546300e-01,0,,1094,23437
141.0,1.620007362357e-01,0,,1100,23431
141.5,1.600715259769e-01,0,,1101,23430
142.0,1.583151705967e-01,0,,1100,23431
142.5,1.567325178963e-01,0,,1096,23435
143.0,1.553244166903e-01,0,,1103,23428
143.5,1.540917167667e-01,0,,1100,23431
144.0,1.530352688413e-01,0,,1092,23439
144.5,1.521559245148e-01,0,,1100,23431
145.0,1.514545362262e-01,0,,1104,23427
145.5,1.509319572081e-01,0,,1093,23438
146.0,1.505890414366e-01,0,,1099,23432
146.5,1.504266435878e-01,0,,1101,23430
147.0,1.504456189851e-01,0,,1097,23434
147.5,1.506468235506e-01,0,,1099,23432
148.0,1.510311137541e-01,0,,1103,23428
148.5,1.515993465610e-01,0,,1098,23433
149.0,1.510015112850e-01,0,,1094,23437
149.5,1.505336711781e-01,0,,1102,23429
150.0,1.502468102241e-01,0,,1103,23428
150.5,1.501417912992e-01,0,,1094,23437
151.0,1.502194779220e-01,0,,1100,23431
151.5,1.504807342015e-01,0,,1106,23425
152.0,1.509264247871e-01,0,,1096,23435
152.5,1.515574148130e-01,0,,1101,23430
153.0,1.523745698455e-01,0,,1101,23430
153.5,1.533787558285e-01,0,,1096,23435
154.0,1.545708390267e-01,0,,1097,23434
154.5,1.559516859677e-01,0,,1102,23429
155.0,1.575221633854e-01,0,,1102,23429
155.5,1.592831381593e-01,0,,1096,23435
156.0,1.612354772551e-01,0,,1107,23424
156.5,1.633800476618e-01,0,,1109,23422
157.0,1.657177163302e-01,0,,1098,23433
157.5,1.682493501082e-01,0,,1107,23424
158.0,1.709146899004e-01,0,,1109,23422
158.5,1.708480107204e-01,0,,1102,23429
159.0,1.707576980489e-01,0,,1103,23428
159.5,1.708496048669e-01,0,,1108,23423
160.0,1.709123415241e-01,0,,1107,23424
160.5,1.682904468102e-01,0,,1103,23428
161.0,1.655176617647e-01,0,,1110,23421
161.5,1.629333482304e-01,0,,1112,23419
162.0,1.605385153558e-01,0,,1103,23428
162.5,1.583341738179e-01,0,,1107,23424
163.0,1.563213357722e-01,0,,1110,23421
163.5,1.545010147921e-01,0,,1104,23427
164.0,1.528742258145e-01,0,,1105,23426
164.5,1.514419850834e-01,0,,1114,23417
165.0,1.502053100893e-01,0,,1109,23422
165.5,1.491652195075e-01,0,,1103,23428
166.0,1.483227331401e-01,0,,1114,23417
166.5,1.476788718504e-01,0,,1114,23417
167.0,1.472346574986e-01,0,,1105,23426
167.5,1.469911128773e-01,0,,1113,23418
168.0,1.469492616440e-01,0,,1113,23418
168.5,1.471101282521e-01,0,,1110,23421
169.0,1.474747378820e-01,0,,1111,23420
169.5,1.480441163686e-01,0,,1118,23413
170.0,1.477369987652e-01,0,,1111,23420
170.5,1.471752044931e-01,0,,1108,23423
171.0,1.468146863883e-01,0,,1118,23413
171.5,1.466564774359e-01,0,,1115,23416
172.0,1.467016114699e-01,0,,1111,23420
172.5,1.469511231031e-01,0,,1117,23414
173.0,1.474060476543e-01,0,,1118,23413
173.5,1.480674210772e-01,0,,1113,23418
174.0,1.489362798830e-01,0,,1116,23415
174.5,1.500136610664e-01,0,,1117,23414
175.0,1.513006020274e-01,0,,1111,23420
175.5,1.527981404927e-01,0,,1111,23420
176.0,1.545073144315e-01,0,,1117,23414
176.5,1.564291619777e-01,0,,1115,23416
177.0,1.585647213441e-01,0,,1113,23418
177.5,1.609150307339e-01,0,,1121,23410
178.0,1.634811282564e-01,0,,1122,23409
178.5,1.662640518352e-01,0,,1111,23420
179.0,1.680644063169e-01,0,,1119,23412
179.5,1.680893093060e-01,0,,1121,23410
180.0,1.679458134170e-01,0,,1116,23415
180.5,1.680050690021e-01,0,,1114,23417
181.0,1.662143489509e-01,0,,1120,23411
181.5,1.631772495654e-01,0,,1115,23416
182.0,1.603500747460e-01,0,,1115,23416
182.5,1.577340393929e-01,0,,1122,23409
183.0,1.553303604444e-01,0,,1120,23411
183.5,1.531402567987e-01,0,,1115,23416
184.0,1.511649492437e-01,0,,1118,23413
184.5,1.494056603765e-01,0,,1118,23413
185.0,1.478636145235e-01,0,,1113,23418
185.5,1.465400376560e-01,0,,1113,23418
186.0,1.454361573108e-01,0,,1123,23408
186.5,1.445532025011e-01,0,,1115,23416
187.0,1.438924036292e-01,0,,1112,23419
187.5,1.434549923983e-01,0,,1123,23408
188.0,1.432422017185e-01,0,,1123,23408
188.5,1.432552656143e-01,0,,1117,23414
189.0,1.434954191281e-01,0,,1123,23408
189.5,1.439638982220e-01,0,,1121,23410
190.0,1.446300758335e-01,0,,1116,23415
190.5,1.438614789987e-01,0,,1120,23411
191.0,1.433170608152e-01,0,,1126,23405
191.5,1.429980657801e-01,0,,1117,23414
192.0,1.429057395653e-01,0,,1117,23414
192.5,1.430413289227e-01,0,,1127,23404
193.0,1.434060815842e-01,0,,1125,23406
193.5,1.440012461620e-01,0,,1120,23411
194.0,1.448280720437e-01,0,,1125,23406
194.5,1.458878092885e-01,0,,1126,23405
195.0,1.471817085166e-01,0,,1118,23413
195.5,1.487110208028e-01,0,,1124,23407
196.0,1.504769975614e-01,0,,1128,23403
196.5,1.524808904299e-01,0,,1120,23411
197.0,1.547239511547e-01,0,,1122,23409
197.5,1.572074314668e-01,0,,1131,23400
198.0,1.599325829618e-01,0,,1133,23398
198.5,1.629006569777e-01,0,,1125,23406
199.0,1.649425560418e-01,0,,1136,23395
199.5,1.651618991007e-01,0,,1135,23396
200.0,1.649991812523e-01,0,,1123,23408
200.5,1.649208587388e-01,0,,1133,23398
201.0,1.621254202522e-01,0,,1137,23394
201.5,1.589211712450e-01,0,,1127,23404
202.0,1.559525091397e-01,0,,1130,23401
202.5,1.532209086365e-01,0,,1138,23393
203.0,1.507278471267e-01,0,,1133,23398
203.5,1.484748045820e-01,0,,1129,23402
204.0,1.464632634512e-01,0,,1138,23393
204.5,1.446947085471e-01,0,,1136,23395
205.0,1.431706269314e-01,0,,1122,23409
205.5,1.418925078008e-01,0,,1133,23398
206.0,1.408618423643e-01,0,,1132,23399
206.5,1.400801237225e-01,0,,1125,23406
207.0,1.395488467413e-01,0,,1128,23403
207.5,1.392695079221e-01,0,,1139,23392
208.0,1.392436052720e-01,0,,1132,23399
208.5,1.394726381651e-01,0,,1130,23401
209.0,1.399581072064e-01,0,,1138,23393
209.5,1.407015140896e-01,0,,1137,23394
210.0,1.399947607820e-01,0,,1124,23407
210.5,1.393704039136e-01,0,,1133,23398
211.0,1.389990403864e-01,0,,1132,23399
211.5,1.388821828377e-01,0,,1123,23408
212.0,1.390213453431e-01,0,,1131,23400
212.5,1.394180432806e-01,0,,1140,23391
213.0,1.400737931839e-01,0,,1132,23399
213.5,1.409901125985e-01,0,,1127,23404
214.0,1.421685199289e-01,0,,1138,23393
214.5,1.436105342873e-01,0,,1134,23397
215.0,1.453176753372e-01,0,,1126,23405
215.5,1.472914631282e-01,0,,1135,23396
216.0,1.495334179332e-01,0,,1137,23394
216.5,1.520450600832e-01,0,,1126,23405
217.0,1.548279097882e-01,0,,1137,23394
217.5,1.578834869670e-01,0,,1144,23387
218.0,1.612133110597e-01,0,,1132,23399
218.5,1.616849672671e-01,0,,1133,23398
219.0,1.619156478212e-01,0,,1143,23388
219.5,1.617692397267e-01,0,,1142,23389
220.0,1.591776649572e-01,0,,1134,23397
220.5,1.556827502381e-01,0,,1146,23385
221.0,1.524527388141e-01,0,,1144,23387
221.5,1.494894334828e-01,0,,1134,23397
222.0,1.467946406900e-01,0,,1145,23386
222.5,1.443701703775e-01,0,,1145,23386
223.0,1.422178358355e-01,0,,1135,23396
223.5,1.403394535354e-01,0,,1138,23393
224.0,1.387368429740e-01,0,,1145,23386
224.5,1.374118265044e-01,0,,1140,23391
225.0,1.363662291633e-01,0,,1137,23394
225.5,1.356018784954e-01,0,,1145,23386
226.0,1.351206043735e-01,0,,1143,23388
226.5,1.349242388107e-01,0,,1134,23397
227.0,1.350146157690e-01,0,,1145,23386
227.5,1.353935709659e-01,0,,1146,23385
228.0,1.360629416700e-01,0,,1135,23396
228.5,1.362385336416e-01,0,,1143,23388
229.0,1.353990477027e-01,0,,1148,23383
229.5,1.348440197134e-01,0,,1142,23389
230.0,1.345753001927e-01,0,,1141,23390
230.5,1.345947416918e-01,0,,1151,23380
231.0,1.349041985941e-01,0,,1148,23383
231.5,1.355055269102e-01,0,,1140,23391
232.0,1.364005840729e-01,0,,1147,23384
232.5,1.375912287198e-01,0,,1148,23383
233.0,1.390793204742e-01,0,,1139,23392
233.5,1.408667197241e-01,0,,1146,23385
234.0,1.429552873827e-01,0,,1153,23378
234.5,1.453468846586e-01,0,,1147,23384
235.0,1.480433728102e-01,0,,1143,23388
235.5,1.510466128962e-01,0,,1157,23374
236.0,1.543584655177e-01,0,,1152,23379
236.5,1.579807905626e-01,0,,1143,23388
237.0,1.581537046543e-01,0,,1152,23379
237.5,1.582734703917e-01,0,,1153,23378
238.0,1.577560757528e-01,0,,1143,23388
238.5,1.538031223976e-01,0,,1150,23381
239.0,1.501485169071e-01,0,,1158,23373
239.5,1.467944797283e-01,0,,1146,23385
240.0,1.437432364100e-01,0,,1149,23382
240.5,1.409970173985e-01,0,,1157,23374
241.0,1.385580578086e-01,0,,1153,23378
241.5,1.364285972047e-01,0,,1145,23386
242.0,1.346108793639e-01,0,,1153,23378
242.5,1.331071520401e-01,0,,1154,23377
243.0,1.319196667135e-01,0,,1144,23387
243.5,1.310506783371e-01,0,,1152,23379
244.0,1.305024450778e-01,0,,1154,23377
244.5,1.302772280430e-01,0,,1145,23386
245.0,1.303772910049e-01,0,,1150,23381
245.5,1.308049001159e-01,0,,1155,23376
246.0,1.315623236123e-01,0,,1151,23380
246.5,1.316735604537e-01,0,,1146,23385
247.0,1.307539396334e-01,0,,1156,23375
247.5,1.301569017688e-01,0,,1154,23377
248.0,1.298847316684e-01,0,,1143,23388
248.5,1.299397168904e-01,0,,1154,23377
249.0,1.303241474519e-01,0,,1159,23372
249.5,1.310403155313e-01,0,,1148,23383
250.0,1.320905151648e-01,0,,1154,23377
250.5,1.334770419276e-01,0,,1159,23372
251.0,1.352021926136e-01,0,,1152,23379
251.5,1.372682649008e-01,0,,1150,23381
252.0,1.396775570117e-01,0,,1159,23372
252.5,1.424323673578e-01,0,,1157,23374
253.0,1.455349941799e-01,0,,1148,23383
253.5,1.489877351846e-01,0,,1160,23371
254.0,1.527928871469e-01,0,,1161,23370
254.5,1.545131314318e-01,0,,1149,23382
255.0,1.543513689477e-01,0,,1158,23373
255.5,1.539115674558e-01,0,,1163,23368
256.0,1.496118541069e-01,0,,1153,23378
256.5,1.456512762931e-01,0,,1156,23375
257.0,1.420325976860e-01,0,,1165,23366
257.5,1.387585890402e-01,0,,1164,23367
258.0,1.358320278786e-01,0,,1154,23377
258.5,1.332556981710e-01,0,,1165,23366
259.0,1.310323900048e-01,0,,1163,23368
259.5,1.291648992357e-01,0,,1154,23377
260.0,1.276560271352e-01,0,,1166,23365
260.5,1.265085800234e-01,0,,1169,23362
261.0,1.257253688902e-01,0,,1160,23371
261.5,1.253092090012e-01,0,,1161,23370
262.0,1.252629194972e-01,0,,1171,23360
262.5,1.255893229757e-01,0,,1166,23365
263.0,1.262912450620e-01,0,,1158,23373
263.5,1.272725114323e-01,0,,1167,23364
264.0,1.261055946052e-01,0,,1165,23366
264.5,1.253053290616e-01,0,,1157,23374
265.0,1.248745606957e-01,0,,1166,23365
265.5,1.248161393535e-01,0,,1173,23358
266.0,1.251329184083e-01,0,,1158,23373
266.5,1.258277543243e-01,0,,1164,23367
267.0,1.269035062049e-01,0,,1168,23363
267.5,1.283630353285e-01,0,,1167,23364
268.0,1.302092046715e-01,0,,1162,23369
268.5,1.324448784084e-01,0,,1166,23365
269.0,1.350729214098e-01,0,,1171,23360
269.5,1.380961987139e-01,0,,1162,23369
270.0,1.415175749849e-01,0,,1171,23360
270.5,1.453399139631e-01,0,,1173,23358
271.0,1.495660778828e-01,0,,1162,23369
271.5,1.505535942503e-01,0,,1166,23365
272.0,1.502440266870e-01,0,,1172,23359
272.5,1.469891247684e-01,0,,1169,23362
273.0,1.425176174234e-01,0,,1165,23366
273.5,1.384358577508e-01,0,,1170,23361
274.0,1.347473264432e-01,0,,1172,23359
274.5,1.314555139082e-01,0,,1163,23368
275.0,1.285639197863e-01,0,,1172,23359
275.5,1.260760524658e-01,0,,1172,23359
276.0,1.239954285656e-01,0,,1161,23370
276.5,1.223255724123e-01,0,,1168,23363
277.0,1.210700154865e-01,0,,1171,23360
277.5,1.202322958599e-01,0,,1166,23365
278.0,1.198159576037e-01,0,,1168,23363
278.5,1.198245501813e-01,0,,1174,23357
279.0,1.202616278182e-01,0,,1176,23355
279.5,1.211307488488e-01,0,,1164,23367
280.0,1.217469150298e-01,0,,1172,23359
280.5,1.205141740177e-01,0,,1174,23357
281.0,1.197025025252e-01,0,,1163,23368
281.5,1.193154847040e-01,0,,1170,23361
282.0,1.193567101395e-01,0,,1176,23355
282.5,1.198297732058e-01,0,,1170,23361
283.0,1.207382724007e-01,0,,1171,23360
283.5,1.220858096578e-01,0,,1176,23355
284.0,1.238759896346e-01,0,,1178,23353
284.5,1.261124189775e-01,0,,1167,23364
285.0,1.287987055584e-01,0,,1174,23357
285.5,1.319384576924e-01,0,,1175,23356
286.0,1.355352833208e-01,0,,1169,23362
286.5,1.395927891760e-01,0,,1182,23349
287.0,1.441145799169e-01,0,,1183,23348
287.5,1.460419833984e-01,0,,1176,23355
288.0,1.459812048686e-01,0,,1175,23356
288.5,1.414088493412e-01,0,,1183,23348
289.0,1.365868714808e-01,0,,1183,23348
289.5,1.322142727987e-01,0,,1175,23356
290.0,1.282954819199e-01,0,,1180,23351
290.5,1.248349412519e-01,0,,1183,23348
291.0,1.218371062615e-01,0,,1176,23355
291.5,1.193064447140e-01,0,,1183,23348
292.0,1.172474358866e-01,0,,1189,23342
292.5,1.156645697496e-01,0,,1177,23354
293.0,1.145623461119e-01,0,,1177,23354
293.5,1.139452737362e-01,0,,1187,23344
294.0,1.138178694163e-01,0,,1185,23346
294.5,1.141846570220e-01,0,,1178,23353
295.0,1.150501665044e-01,0,,1178,23353
295.5,1.164087342909e-01,0,,1185,23346
296.0,1.149023416324e-01,0,,1176,23355
296.5,1.138809224630e-01,0,,1183,23348
297.0,1.133490385883e-01,0,,1185,23346
297.5,1.133112598007e-01,0,,1177,23354
298.0,1.137721628950e-01,0,,1181,23350
298.5,1.147363306520e-01,0,,1187,23344
299.0,1.162083507789e-01,0,,1183,23348
299.5,1.181928148140e-01,0,,1177,23354
300.0,1.206943169864e-01,0,,1182,23349
300.5,1.237174530373e-01,0,,1185,23346
301.0,1.272668189929e-01,0,,1177,23354
301.5,1.313470099010e-01,0,,1188,23343
302.0,1.359626185079e-01,0,,1189,23342
302.5,1.408034304704e-01,0,,1178,23353
303.0,1.410654331031e-01,0,,1185,23346
303.5,1.375904908035e-01,0,,1187,23344
304.0,1.321584741472e-01,0,,1182,23349
304.5,1.272460529002e-01,0,,1182,23349
305.0,1.228589237683e-01,0,,1184,23347
305.5,1.190028038350e-01,0,,1188,23343
306.0,1.156834294440e-01,0,,1180,23351
306.5,1.129065550276e-01,0,,1187,23344
307.0,1.106779518875e-01,0,,1192,23339
307.5,1.090034069125e-01,0,,1181,23350
308.0,1.078887212460e-01,0,,1191,23340
308.5,1.073397088902e-01,0,,1190,23341
309.0,1.073621952550e-01,0,,1184,23347
309.5,1.079620156381e-01,0,,1186,23345
310.0,1.091450136468e-01,0,,1188,23343
310.5,1.095635102663e-01,0,,1189,23342
311.0,1.080385820430e-01,0,,1181,23350
311.5,1.070794030012e-01,0,,1190,23341
312.0,1.066918581526e-01,0,,1190,23341
312.5,1.068818436424e-01,0,,1183,23348
313.0,1.076552651872e-01,0,,1193,23338
313.5,1.090180364450e-01,0,,1193,23338
314.0,1.109760773148e-01,0,,1184,23347
314.5,1.135353121673e-01,0,,1190,23341
315.0,1.167016680029e-01,0,,1193,23338
315.5,1.204810725327e-01,0,,1193,23338
316.0,1.248794521813e-01,0,,1188,23343
316.5,1.299027300150e-01,0,,1197,23334
317.0,1.354956826536e-01,0,,1196,23335
317.5,1.354469013598e-01,0,,1190,23341
318.0,1.299765061406e-01,0,,1202,23329
318.5,1.241634806018e-01,0,,1201,23330
319.0,1.189598732965e-01,0,,1191,23340
319.5,1.143731291932e-01,0,,1198,23333
320.0,1.104107230555e-01,0,,1200,23331
320.5,1.070801576405e-01,0,,1197,23334
321.0,1.043889617924e-01,0,,1191,23340
321.5,1.023446884488e-01,0,,1198,23333
322.0,1.009549125415e-01,0,,1199,23332
322.5,1.002272287972e-01,0,,1192,23339
323.0,1.001692494277e-01,0,,1202,23329
323.5,1.007886017128e-01,0,,1205,23326
324.0,1.020929254632e-01,0,,1193,23338
324.5,1.028688507746e-01,0,,1195,23336
325.0,1.010675177088e-01,0,,1201,23330
325.5,9.992872285304e-02,0,,1198,23333
326.0,9.946015724553e-02,0,,1194,23337
326.5,9.966952868207e-02,0,,1201,23330
327.0,1.005645592033e-01,0,,1200,23331
327.5,1.021529824639e-01,0,,1190,23341
328.0,1.044425409798e-01,0,,1200,23331
328.5,1.074409832388e-01,0,,1206,23325
329.0,1.111560606950e-01,0,,1192,23339
329.5,1.155955246082e-01,0,,1196,23335
330.0,1.207671227562e-01,0,,1204,23327
330.5,1.266785959877e-01,0,,1200,23331
331.0,1.295644542955e-01,0,,1196,23335
331.5,1.242573908112e-01,0,,1200,23331
332.0,1.177339629949e-01,0,,1203,23328
332.5,1.119281016952e-01,0,,1193,23338
333.0,1.068496706865e-01,0,,1204,23327
333.5,1.025085794157e-01,0,,1207,23324
334.0,9.891478005710e-02,0,,1195,23336
334.5,9.607826440558e-02,0,,1200,23331
335.0,9.400906058439e-02,0,,1207,23324
335.5,9.271722957451e-02,0,,1201,23330
336.0,9.221286154588e-02,0,,1200,23331
336.5,9.250607198960e-02,0,,1205,23326
337.0,9.360699764343e-02,0,,1207,23324
337.5,9.552579219665e-02,0,,1198,23333
338.0,9.423008561574e-02,0,,1207,23324
338.5,9.253273846188e-02,0,,1209,23322
339.0,9.162393069178e-02,0,,1200,23331
339.5,9.151388384502e-02,0,,1207,23324
340.0,9.221284298449e-02,0,,1210,23321
340.5,9.373107242430e-02,0,,1203,23328
341.0,9.607885124161e-02,0,,1201,23330
341.5,9.926646854266e-02,0,,1206,23325
342.0,1.033042184933e-01,0,,1210,23321
342.5,1.082023950905e-01,0,,1202,23329
343.0,1.139712866684e-01,0,,1211,23320
343.5,1.206211701325e-01,0,,1215,23316
344.0,1.213863666994e-01,0,,1206,23325
344.5,1.136569448811e-01,0,,1213,23318
345.0,1.067749312012e-01,0,,1215,23316
345.5,1.007535876620e-01,0,,1209,23322
346.0,9.560625014372e-02,0,,1211,23320
346.5,9.134632362502e-02,0,,1213,23318
347.0,8.798727707985e-02,0,,1216,23315
347.5,8.554263804188e-02,0,,1206,23325
348.0,8.402598681772e-02,0,,1215,23316
348.5,8.345095033477e-02,0,,1221,23310
349.0,8.383119560470e-02,0,,1211,23320
349.5,8.518042278856e-02,0,,1217,23314
350.0,8.751235784056e-02,0,,1218,23313
350.5,8.559689589459e-02,0,,1208,23323
351.0,8.369061931322e-02,0,,1209,23322
351.5,8.272793635183e-02,0,,1213,23318
352.0,8.272265523060e-02,0,,1220,23311
352.5,8.368862023892e-02,0,,1208,23323
353.0,8.563970439937e-02,0,,1215,23316
353.5,8.858980169472e-02,0,,1221,23310
354.0,9.255281883151e-02,0,,1213,23318
354.5,9.754266652852e-02,0,,1217,23314
355.0,1.035732503005e-01,0,,1219,23312
355.5,1.106584607200e-01,0,,1216,23315
356.0,1.136126236809e-01,0,,1215,23316
356.5,1.049414812660e-01,0,,1215,23316
357.0,9.729043035368e-02,0,,1218,23313
357.5,9.067770520327e-02,0,,1210,23321
358.0,8.512165892074e-02,0,,1216,23315
358.5,8.064075514406e-02,0,,1221,23310
359.0,7.725355909678e-02,0,,1215,23316
359.5,7.497872796342e-02,0,,1217,23314
360.0,7.383500055956e-02,0,,1221,23310
360.5,7.384118625776e-02,0,,1216,23315
361.0,7.501615312741e-02,0,,1215,23316
361.5,7.737881525096e-02,0,,1216,23315
362.0,7.724557408234e-02,0,,1220,23311
362.5,7.460972819353e-02,0,,1211,23320
363.0,7.310821997687e-02,0,,1221,23310
363.5,7.276004269271e-02,0,,1227,23304
364.0,7.358425165125e-02,0,,1219,23312
364.5,7.559995150751e-02,0,,1221,23310
365.0,7.882628268430e-02,0,,1224,23307
365.5,8.328240687477e-02,0,,1222,23309
366.0,8.898749158456e-02,0,,1218,23313
366.5,9.596069365438e-02,0,,1221,23310
367.0,1.042211417224e-01,0,,1224,23307
367.5,9.906879223352e-02,0,,1220,23311
368.0,8.998877061185e-02,0,,1224,23307
368.5,8.216737757765e-02,0,,1229,23302
369.0,7.563036817691e-02,0,,1223,23308
369.5,7.040368664676e-02,0,,1227,23304
370.0,6.651345065024e-02,0,,1230,23301
370.5,6.398593412177e-02,0,,1225,23306
371.0,6.284754864384e-02,0,,1225,23306
371.5,6.312482326521e-02,0,,1226,23305
372.0,6.484438266518e-02,0,,1229,23302
372.5,6.803292356546e-02,0,,1226,23305
373.0,6.615964499688e-02,0,,1229,23302
373.5,6.332026991437e-02,0,,1234,23297
374.0,6.187516970338e-02,0,,1230,23301
374.5,6.185110479267e-02,0,,1234,23297
375.0,6.327493378508e-02,0,,1233,23298
375.5,6.617358968844e-02,0,,1229,23302
376.0,7.057405427390e-02,0,,1229,23302
376.5,7.650333044958e-02,0,,1230,23301
377.0,8.398841253374e-02,0,,1232,23299
377.5,9.305625430682e-02,0,,1230,23301
378.0,8.666756228563e-02,0,,1234,23297
378.5,7.664190949520e-02,0,,1236,23295
379.0,6.818281352454e-02,0,,1234,23297
379.5,6.132752839821e-02,0,,1236,23295
380.0,5.611362961076e-02,0,,1237,23294
380.5,5.257898367027e-02,0,,1231,23300
381.0,5.076171451447e-02,0,,1233,23298
381.5,5.070016658587e-02,0,,1233,23298
382.0,5.243286432073e-02,0,,1232,23299
382.5,5.599846780424e-02,0,,1232,23299
383.0,5.545210676001e-02,0,,1235,23296
383.5,5.167717720358e-02,0,,1237,23294
384.0,4.962718129426e-02,0,,1237,23294
384.5,4.934071641215e-02,0,,1240,23291
385.0,5.085655712151e-02,0,,1238,23293
385.5,5.421361011031e-02,0,,1231,23300
386.0,5.945086498239e-02,0,,1236,23295
386.5,6.660734061342e-02,0,,1236,23295
387.0,7.572202677032e-02,0,,1235,23296
387.5,7.749868607807e-02,0,,1236,23295
388.0,6.559629297596e-02,0,,1242,23289
388.5,5.565868751857e-02,0,,1242,23289
389.0,4.774122290925e-02,0,,1242,23289
389.5,4.189984620995e-02,0,,1245,23286
390.0,3.819103894216e-02,0,,1244,23287
390.5,3.667175037822e-02,0,,1239,23292
391.0,3.739932289773e-02,0,,1244,23287
391.5,4.043140875212e-02,0,,1243,23288
392.0,4.582587751742e-02,0,,1238,23293
392.5,4.069827020326e-02,0,,1243,23288
393.0,3.685471361194e-02,0,,1248,23283
393.5,3.521093741844e-02,0,,1248,23283
394.0,3.582442039172e-02,0,,1246,23285
394.5,3.875292572655e-02,0,,1249,23282
395.0,4.405440588337e-02,0,,1247,23284
395.5,5.178689720284e-02,0,,1245,23286
396.0,6.200840347729e-02,0,,1251,23280
396.5,5.894989168313e-02,0,,1248,23283
397.0,4.605795075381e-02,0,,1247,23284
397.5,3.572712893196e-02,0,,1248,23283
398.0,2.804335815254e-02,0,,1253,23278
398.5,2.309366541668e-02,0,,1256,23275
399.0,2.096604039951e-02,0,,1252,23279
399.5,2.174928356169e-02,0,,1252,23279
400.0,2.553283278295e-02,0,,1255,23276
400.5,3.240656636034e-02,0,,1253,23278
401.0,2.628866399389e-02,0,,1258,23273
401.5,2.133224699089e-02,0,,1254,23277
402.0,1.920862736544e-02,0,,1254,23277
402.5,2.000609997350e-02,0,,1254,23277
403.0,2.381348843085e-02,0,,1261,23270
403.5,3.071993855252e-02,0,,1259,23272
404.0,4.081468531154e-02,0,,1254,23277
404.5,4.356568804398e-02,0,,1259,23272
405.0,2.842531689677e-02,0,,1257,23274
405.5,1.667267497508e-02,0,,1253,23278
406.0,8.446764636707e-03,0,,1257,23274
406.5,3.888851652541e-03,0,,1256,23275
407.0,3.142163509392e-03,0,,1261,23270
407.5,6.351532379843e-03,0,,1261,23270
408.0,1.366297582344e-02,0,,1262,23269
408.5,1.427190889000e-02,0,,1262,23269
409.0,6.160658223368e-03,0,,1258,23273
409.5,1.718769861854e-03,0,,1260,23271
410.0,1.086488236117e-03,0,,1261,23270
410.5,4.405241732204e-03,0,,1257,23274
411.0,1.181718478725e-02,0,,1257,23274
411.5,2.346466783240e-02,0,,1264,23267
412.0,1.457656821030e-02,0,,1269,23262
412.5,-6.820821788266e-04,1,1-9,1261,23270
413.0,-1.116526370766e-02,1,1-9,1261,23270
413.5,-1.663126584862e-02,1,1-9,1266,23265
414.0,-1.683361296351e-02,1,1-9,1264,23267
414.5,-1.152190760675e-02,1,1-9,1266,23265
415.0,-4.428661960142e-04,1,1-9,1267,23264
415.5,-3.374617675144e-03,1,1-11,1267,23264
416.0,-1.373600426309e-02,1,1-11,1268,23263
416.5,-1.913238985606e-02,1,1-11,1272,23259
417.0,-1.933089141808e-02,1,1-11,1274,23257
417.5,-1.409658699283e-02,1,1-11,1266,23265
418.0,-3.193756072301e-03,1,1-11,1269,23262
418.5,-1.245829002255e-02,1,1-8,1273,23258
419.0,-2.877891235607e-02,1,1-8,1269,23262
419.5,-3.810607580631e-02,1,1-8,1269,23262
420.0,-3.998333304497e-02,1,1-8,1276,23255
420.5,-3.394160641518e-02,1,1-8,1279,23252
421.0,-1.950156747646e-02,1,1-8,1270,23261
421.5,-1.366307250753e-02,1,1-10,1271,23260
422.0,-3.029799788450e-02,1,1-10,1278,23253
422.5,-4.020622073372e-02,1,1-10,1275,23256
423.0,-4.299112967526e-02,1,1-10,1279,23252
423.5,-3.825352858991e-02,1,1-7;1-10,1285,23246
424.0,-3.613349237291e-02,1,1-7;1-10,1289,23242
424.5,-5.562508562082e-02,1,1-7;1-10,1280,23251
425.0,-6.427704203326e-02,1,1-7,1280,23251
425.5,-6.109549772406e-02,1,1-7,1285,23246
426.0,-4.503229425006e-02,1,1-7,1278,23253
426.5,-1.498770285622e-02,1,1-7,1285,23246
427.0,-2.861170020487e-02,1,1-9;2-9,1296,23235
427.5,-5.083729754929e-02,1,1-9;2-9,1288,23243
428.0,-6.356003965127e-02,1,1-6;1-9;2-9,1284,23247
428.5,-6.614500189663e-02,1,1-6;1-9;2-9;3-10,1293,23238
429.0,-7.885277532540e-02,1,1-6;1-9;3-10,1292,23239
429.5,-8.598431131656e-02,1,1-6;1-9;3-10,1291,23240
430.0,-7.082846601172e-02,1,1-6;1-9;2-10;3-10,1290,23241
430.5,-2.947459907611e-02,1,1-6;2-10;3-10;4-11,1293,23238
431.0,-2.705179898027e-02,1,2-10;4-11,1298,23233
431.5,-2.205617230358e-02,1,1-5;2-10;4-11,1295,23236
432.0,-6.452148551473e-02,1,1-5;1-8;2-8;2-10;3-11;4-11,1291,23240
432.5,-8.352500479907e-02,1,1-5;1-8;2-8;3-11;4-11,1294,23237
433.0,-4.976108165735e-02,1,1-10,1276,23255
433.5,-4.448341593552e-02,1,1-10,1279,23252
434.0,-2.478650943951e-02,1,1-10,1284,23247
434.5,9.405743281986e-03,0,,1281,23250
435.0,1.571844960255e-03,0,,1285,23246
435.5,4.434340376642e-03,0,,1286,23245
436.0,2.933809308329e-03,0,,1282,23249
436.5,-4.006637082493e-03,1,1-9,1286,23245
437.0,-3.166848849144e-02,1,1-11,1266,23265
437.5,-1.137215611353e-02,1,1-11,1259,23272
438.0,2.849809410396e-02,0,,1275,23256
438.5,2.554553472707e-02,0,,1267,23264
439.0,2.985179712436e-02,0,,1274,23257
439.5,-1.885115085139e-02,1,1-12,1255,23276
440.0,-3.825564779932e-04,1,1-12,1259,23272
440.5,4.516759498829e-02,0,,1260,23271
441.0,4.933399260753e-02,0,,1257,23274
441.5,5.019975795114e-03,0,,1250,23281
442.0,6.106045633018e-02,0,,1251,23280
