node,time_s,k,bracket_s
7,14.794330327614018,1.6161478322419565,"[14.779999999999983, 14.799999999999983]"
6,14.794330327665005,1.6161478322419562,"[14.779999999999983, 14.799999999999983]"
3,14.794330327716045,1.616147832241956,"[14.779999999999983, 14.799999999999983]"
5,14.79433032757577,1.6161478322419556,"[14.779999999999983, 14.799999999999983]"
4,14.794330327677773,1.6161478322419551,"[14.779999999999983, 14.799999999999983]"
8,14.8003049472466,1.6008468949333985,"[14.789999999999983, 14.809999999999983]"
9,14.800304424216925,1.6007407990194602,"[14.789999999999983, 14.809999999999983]"
10,14.800303918172352,1.6006371745009667,"[14.789999999999983, 14.809999999999983]"
11,14.8003034306227,1.6005359358657096,"[14.789999999999983, 14.809999999999983]"
12,14.800302959836985,1.6004370015067306,"[14.789999999999983, 14.809999999999983]"
13,14.800302503866915,1.6003402935017015,"[14.789999999999983, 14.809999999999983]"
14,14.80030206331091,1.6002457374070485,"[14.789999999999983, 14.809999999999983]"
15,14.800301637070353,1.60015326206578,"[14.789999999999983, 14.809999999999983]"
16,14.80030122491041,1.6000627994279037,"[14.789999999999983, 14.809999999999983]"
17,14.80030082654654,1.5999742843825124,"[14.789999999999983, 14.809999999999983]"
18,14.800300440349911,1.599887654600651,"[14.789999999999983, 14.809999999999983]"
19,14.800300066066502,1.599802850388167,"[14.789999999999983, 14.809999999999983]"
20,14.800299703989989,1.5997198145477862,"[14.789999999999983, 14.809999999999983]"
21,14.800299352370311,1.599638492249825,"[14.789999999999983, 14.809999999999983]"
22,14.800299012041943,1.5995588309107855,"[14.789999999999983, 14.809999999999983]"
23,14.800298681732967,1.5994807800794397,"[14.789999999999983, 14.809999999999983]"
24,14.80029836114274,1.5994042913296769,"[14.789999999999983, 14.809999999999983]"
25,14.800298049615582,1.5993293181598582,"[14.789999999999983, 14.809999999999983]"
26,14.800297747961842,1.599255815898045,"[14.789999999999983, 14.809999999999983]"
27,14.80029745431957,1.59918374161281,"[14.789999999999983, 14.809999999999983]"
28,14.800297169767639,1.599113054029216,"[14.789999999999983, 14.809999999999983]"
29,14.8002968933742,1.599043713449602,"[14.789999999999983, 14.809999999999983]"
30,14.800296624714369,1.5989756816789116,"[14.789999999999983, 14.809999999999983]"
31,14.800296363668089,1.5989089219541732,"[14.789999999999983, 14.809999999999983]"
32,14.800296109430478,1.598843398877975,"[14.789999999999983, 14.809999999999983]"
33,14.800295861208516,1.5987790783555742,"[14.789999999999983, 14.809999999999983]"
34,14.800295621367736,1.5987159275354652,"[14.789999999999983, 14.809999999999983]"
35,14.80029538675009,1.598653914753196,"[14.789999999999983, 14.809999999999983]"
36,14.800295159163205,1.5985930094781673,"[14.789999999999983, 14.809999999999983]"
37,14.800294937888701,1.5985331822633009,"[14.789999999999983, 14.809999999999983]"
38,14.800294721602619,1.5984744046973416,"[14.789999999999983, 14.809999999999983]"
39,14.800294511971881,1.5984166493597112,"[14.789999999999983, 14.809999999999983]"
40,14.800294306811981,1.598359889777603,"[14.789999999999983, 14.809999999999983]"
41,14.800294106901015,1.5983041003854217,"[14.789999999999983, 14.809999999999983]"
42,14.800293911795682,1.5982492564861612,"[14.789999999999983, 14.809999999999983]"
43,14.800293722526703,1.598195334214842,"[14.789999999999983, 14.809999999999983]"
44,14.800293537669061,1.5981423105037127,"[14.789999999999983, 14.809999999999983]"
45,14.800293357005536,1.598090163049221,"[14.789999999999983, 14.809999999999983]"
46,14.800293181177757,1.5980388702805992,"[14.789999999999983, 14.809999999999983]"
47,14.80029300915908,1.5979884113299994,"[14.789999999999983, 14.809999999999983]"
48,14.800292841633109,1.5979387660040612,"[14.789999999999983, 14.809999999999983]"
49,14.80029267828998,1.5978899147568661,"[14.789999999999983, 14.809999999999983]"
50,14.800292517852625,1.5978418386641755,"[14.789999999999983, 14.809999999999983]"
51,14.800292361934986,1.597794519398884,"[14.789999999999983, 14.809999999999983]"
52,14.800292209800066,1.5977479392076492,"[14.789999999999983, 14.809999999999983]"
53,14.80029206100978,1.597702080888581,"[14.789999999999983, 14.809999999999983]"
54,14.80029191501114,1.597656927769992,"[14.789999999999983, 14.809999999999983]"
55,14.800291772849478,1.5976124636901003,"[14.789999999999983, 14.809999999999983]"
56,14.800291633833194,1.5975686729776788,"[14.789999999999983, 14.809999999999983]"
57,14.800291498100668,1.5975255404335689,"[14.789999999999983, 14.809999999999983]"
58,14.800291365232903,1.5974830513130196,"[14.789999999999983, 14.809999999999983]"
59,14.800291235819413,1.597441191308829,"[14.789999999999983, 14.809999999999983]"
60,14.800291109300039,1.5973999465352107,"[14.789999999999983, 14.809999999999983]"
61,14.800290984791202,1.5973593035123856,"[14.789999999999983, 14.809999999999983]"
62,14.800290863188287,1.5973192491518604,"[14.789999999999983, 14.809999999999983]"
63,14.800290743820703,1.5972797707422828,"[14.789999999999983, 14.809999999999983]"
64,14.800290627620454,1.597240855935987,"[14.789999999999983, 14.809999999999983]"
65,14.800290513981937,1.5972024927360313,"[14.789999999999983, 14.809999999999983]"
66,14.800290401559124,1.5971646694838613,"[14.789999999999983, 14.809999999999983]"
67,14.800290293488361,1.5971273748474368,"[14.789999999999983, 14.809999999999983]"
68,14.800290186054742,1.5970905978098677,"[14.789999999999983, 14.809999999999983]"
69,14.800290081420517,1.5970543276585427,"[14.789999999999983, 14.809999999999983]"
70,14.800289978663967,1.5970185539746784,"[14.789999999999983, 14.809999999999983]"
71,14.800289878795889,1.596983266623314,"[14.789999999999983, 14.809999999999983]"
72,14.800289779946239,1.596948455743691,"[14.789999999999983, 14.809999999999983]"
73,14.800289683576171,1.5969141117400707,"[14.789999999999983, 14.809999999999983]"
74,14.800289587907,1.5968802252728407,"[14.789999999999983, 14.809999999999983]"
75,14.800289496993328,1.5968467872500578,"[14.789999999999983, 14.809999999999983]"
76,14.80028940489338,1.5968137888192584,"[14.789999999999983, 14.809999999999983]"
77,14.800289315963886,1.596781221359651,"[14.789999999999983, 14.809999999999983]"
78,14.80028922846135,1.5967490764745467,"[14.789999999999983, 14.809999999999983]"
79,14.800289143830296,1.596717345984152,"[14.789999999999983, 14.809999999999983]"
80,14.800289059166772,1.5966860219185897,"[14.789999999999983, 14.809999999999983]"
81,14.800288976126387,1.5966550965112059,"[14.789999999999983, 14.809999999999983]"
82,14.800288895413928,1.5966245621921284,"[14.789999999999983, 14.809999999999983]"
83,14.800288816363707,1.5965944115820767,"[14.789999999999983, 14.809999999999983]"
84,14.800288738281328,1.5965646374863867,"[14.789999999999983, 14.809999999999983]"
85,14.800288661695877,1.596535232889289,"[14.789999999999983, 14.809999999999983]"
86,14.800288586959638,1.596506190948355,"[14.789999999999983, 14.809999999999983]"
87,14.800288513201897,1.5964775049891933,"[14.789999999999983, 14.809999999999983]"
88,14.800288440418047,1.5964491685003097,"[14.789999999999983, 14.809999999999983]"
89,14.800288369560871,1.5964211751281707,"[14.789999999999983, 14.809999999999983]"
90,14.800288299493314,1.5963935186724254,"[14.789999999999983, 14.809999999999983]"
91,14.800288231200373,1.596366193081337,"[14.789999999999983, 14.809999999999983]"
92,14.800288164652242,1.5963391924473442,"[14.789999999999983, 14.809999999999983]"
93,14.800288097577491,1.5963125110027727,"[14.789999999999983, 14.809999999999983]"
94,14.800288033356477,1.5962861431157587,"[14.789999999999983, 14.809999999999983]"
95,14.800287970048059,1.5962600832862168,"[14.789999999999983, 14.809999999999983]"
96,14.800287905979552,1.5962343261420608,"[14.789999999999983, 14.809999999999983]"
97,14.800287845613397,1.596208866435463,"[14.789999999999983, 14.809999999999983]"
98,14.800287784765109,1.5961836990393008,"[14.789999999999983, 14.809999999999983]"
99,14.800287724846198,1.596158818943692,"[14.789999999999983, 14.809999999999983]"
100,14.800287666432295,1.5961342212526504,"[14.789999999999983, 14.809999999999983]"
101,14.800287608900907,1.5961099011809121,"[14.789999999999983, 14.809999999999983]"
102,14.80028755225991,1.5960858540507623,"[14.789999999999983, 14.809999999999983]"
103,14.800287496067774,1.5960620752890615,"[14.789999999999983, 14.809999999999983]"
104,14.800287441382038,1.5960385604243454,"[14.789999999999983, 14.809999999999983]"
105,14.800287388302218,1.5960153050839907,"[14.789999999999983, 14.809999999999983]"
106,14.800287335729335,1.5959923049915052,"[14.789999999999983, 14.809999999999983]"
107,14.800287284003767,1.5959695559639098,"[14.789999999999983, 14.809999999999983]"
108,14.800287232236187,1.595947053909185,"[14.789999999999983, 14.809999999999983]"
109,14.800287182627823,1.5959247948238076,"[14.789999999999983, 14.809999999999983]"
110,14.800287131951038,1.5959027747903785,"[14.789999999999983, 14.809999999999983]"
111,14.800287084508536,1.5958809899753124,"[14.789999999999983, 14.809999999999983]"
112,14.800287035812413,1.5958594366266161,"[14.789999999999983, 14.809999999999983]"
113,14.800286988366738,1.5958381110717133,"[14.789999999999983, 14.809999999999983]"
114,14.800286941675127,1.5958170097153679,"[14.789999999999983, 14.809999999999983]"
115,14.800286895601904,1.5957961290376395,"[14.789999999999983, 14.809999999999983]"
116,14.800286850642111,1.5957754655919492,"[14.789999999999983, 14.809999999999983]"
117,14.800286806751007,1.595755016003155,"[14.789999999999983, 14.809999999999983]"
118,14.800286762532213,1.5957347769657066,"[14.789999999999983, 14.809999999999983]"
119,14.800286719503502,1.5957147452418894,"[14.789999999999983, 14.809999999999983]"
120,14.800286676389298,1.5956949176600561,"[14.789999999999983, 14.809999999999983]"
121,14.800286635700362,1.595675291112974,"[14.789999999999983, 14.809999999999983]"
122,14.80028659492926,1.595655862556184,"[14.789999999999983, 14.809999999999983]"
123,14.800286554724574,1.5956366290064348,"[14.789999999999983, 14.809999999999983]"
124,14.800286513930955,1.5956175875401322,"[14.789999999999983, 14.809999999999983]"
125,14.800286475422677,1.5955987352918828,"[14.789999999999983, 14.809999999999983]"
126,14.80028643714368,1.5955800694530295,"[14.789999999999983, 14.809999999999983]"
127,14.800286398419855,1.5955615872702542,"[14.789999999999983, 14.809999999999983]"
128,14.800286360323154,1.5955432860442385,"[14.789999999999983, 14.809999999999983]"
129,14.800286323985878,1.5955251631283183,"[14.789999999999983, 14.809999999999983]"
130,14.800286287260848,1.5955072159272412,"[14.789999999999983, 14.809999999999983]"
131,14.800286251792894,1.5954894418958903,"[14.789999999999983, 14.809999999999983]"
132,14.800286215735612,1.5954718385381006,"[14.789999999999983, 14.809999999999983]"
133,14.800286180704195,1.5954544034054756,"[14.789999999999983, 14.809999999999983]"
134,14.800286146689556,1.5954371340962483,"[14.789999999999983, 14.809999999999983]"
135,14.80028611280859,1.5954200282541893,"[14.789999999999983, 14.809999999999983]"
136,14.80028607971461,1.5954030835675215,"[14.789999999999983, 14.809999999999983]"
137,14.80028604637468,1.59538629776787,"[14.789999999999983, 14.809999999999983]"
138,14.800286013954086,1.5953696686292673,"[14.789999999999983, 14.809999999999983]"
139,14.800285981058959,1.5953531939671544,"[14.789999999999983, 14.809999999999983]"
140,14.800285950422042,1.59533687163742,"[14.789999999999983, 14.809999999999983]"
141,14.800285918992417,1.5953206995354607,"[14.789999999999983, 14.809999999999983]"
142,14.800285888328402,1.5953046755953075,"[14.789999999999983, 14.809999999999983]"
143,14.800285858211653,1.595288797788699,"[14.789999999999983, 14.809999999999983]"
144,14.800285828242052,1.5952730641242732,"[14.789999999999983, 14.809999999999983]"
145,14.80028579868379,1.5952574726466746,"[14.789999999999983, 14.809999999999983]"
146,14.800285768624894,1.5952420214357874,"[14.789999999999983, 14.809999999999983]"
147,14.800285740560206,1.59522670860594,"[14.789999999999983, 14.809999999999983]"
148,14.800285712071146,1.5952115323051204,"[14.789999999999983, 14.809999999999983]"
149,14.800285684024898,1.5951964907142286,"[14.789999999999983, 14.809999999999983]"
150,14.800285655932115,1.5951815820463657,"[14.789999999999983, 14.809999999999983]"
151,14.800285628721461,1.5951668045461054,"[14.789999999999983, 14.809999999999983]"
152,14.800285602778652,1.5951521564888251,"[14.789999999999983, 14.809999999999983]"
153,14.800285575804516,1.595137636179998,"[14.789999999999983, 14.809999999999983]"
154,14.800285549784265,1.5951232419545873,"[14.789999999999983, 14.809999999999983]"
155,14.800285524017667,1.5951089721763534,"[14.789999999999983, 14.809999999999983]"
156,14.800285498046291,1.5950948252372894,"[14.789999999999983, 14.809999999999983]"
157,14.800285473101503,1.5950807995569645,"[14.789999999999983, 14.809999999999983]"
158,14.800285447879935,1.5950668935819718,"[14.789999999999983, 14.809999999999983]"
159,14.800285423432504,1.5950531057853223,"[14.789999999999983, 14.809999999999983]"
160,14.800285399754033,1.5950394346659156,"[14.789999999999983, 14.809999999999983]"
161,14.800285375359453,1.5950258787479767,"[14.789999999999983, 14.809999999999983]"
162,14.800285352810397,1.5950124365805227,"[14.789999999999983, 14.809999999999983]"
163,14.800285328448032,1.594999106736852,"[14.789999999999983, 14.809999999999983]"
164,14.800285305498114,1.5949858878140264,"[14.789999999999983, 14.809999999999983]"
165,14.800285282687629,1.594972778432393,"[14.789999999999983, 14.809999999999983]"
166,14.800285260253585,1.594959777235097,"[14.789999999999983, 14.809999999999983]"
167,14.800285237375254,1.5949468828876077,"[14.789999999999983, 14.809999999999983]"
168,14.800285215981953,1.5949340940772612,"[14.789999999999983, 14.809999999999983]"
169,14.80028519383327,1.5949214095128323,"[14.789999999999983, 14.809999999999983]"
170,14.800285172042624,1.59490882792406,"[14.789999999999983, 14.809999999999983]"
171,14.800285150756752,1.5948963480612754,"[14.789999999999983, 14.809999999999983]"
172,14.800285130727413,1.594883968694936,"[14.789999999999983, 14.809999999999983]"
173,14.800285109773878,1.5948716886152554,"[14.789999999999983, 14.809999999999983]"
174,14.800285088678509,1.594859506631796,"[14.789999999999983, 14.809999999999983]"
175,14.800285068857288,1.5948474215730855,"[14.789999999999983, 14.809999999999983]"
176,14.80028504985332,1.594835432286221,"[14.789999999999983, 14.809999999999983]"
177,14.800285029909501,1.5948235376365436,"[14.789999999999983, 14.809999999999983]"
178,14.800285010745304,1.5948117365072547,"[14.789999999999983, 14.809999999999983]"
179,14.800284991873072,1.5948000277990466,"[14.789999999999983, 14.809999999999983]"
180,14.800284971384288,1.5947884104298098,"[14.789999999999983, 14.809999999999983]"
181,14.800284953418155,1.5947768833342413,"[14.789999999999983, 14.809999999999983]"
182,14.800284935400907,1.5947654454635785,"[14.789999999999983, 14.809999999999983]"
183,14.800284916421797,1.594754095785214,"[14.789999999999983, 14.809999999999983]"
184,14.800284898080285,1.5947428332824587,"[14.789999999999983, 14.809999999999983]"
185,14.800284880675783,1.5947316569541536,"[14.789999999999983, 14.809999999999983]"
186,14.800284863357813,1.5947205658144645,"[14.789999999999983, 14.809999999999983]"
187,14.80028484542808,1.594709558892505,"[14.789999999999983, 14.809999999999983]"
188,14.800284827699684,1.5946986352321275,"[14.789999999999983, 14.809999999999983]"
189,14.800284810623523,1.5946877938915738,"[14.789999999999983, 14.809999999999983]"
190,14.800284792714198,1.5946770339432736,"[14.789999999999983, 14.809999999999983]"
191,14.800284778144267,1.5946663544735349,"[14.789999999999983, 14.809999999999983]"
192,14.800284760677906,1.5946557545822786,"[14.789999999999983, 14.809999999999983]"
193,14.800284744033826,1.5946452333828354,"[14.789999999999983, 14.809999999999983]"
194,14.800284727785474,1.5946347900016307,"[14.789999999999983, 14.809999999999983]"
195,14.80028471280861,1.5946244235780176,"[14.789999999999983, 14.809999999999983]"
196,14.800284696587541,1.594614133263964,"[14.789999999999983, 14.809999999999983]"
197,14.80028468081543,1.5946039182238878,"[14.789999999999983, 14.809999999999983]"
198,14.800284665216987,1.5945937776343577,"[14.789999999999983, 14.809999999999983]"
199,14.800284650939808,1.5945837106839587,"[14.789999999999983, 14.809999999999983]"
200,14.800284634015917,1.5945737165730072,"[14.789999999999983, 14.809999999999983]"
201,14.800284619104795,1.5945637945133588,"[14.789999999999983, 14.809999999999983]"
202,14.800284604297087,1.5945539437282124,"[14.789999999999983, 14.809999999999983]"
203,14.800284590135357,1.5945441634518953,"[14.789999999999983, 14.809999999999983]"
204,14.80028457564839,1.5945344529296612,"[14.789999999999983, 14.809999999999983]"
205,14.80028456137885,1.59452481141752,"[14.789999999999983, 14.809999999999983]"
206,14.800284546991533,1.5945152381820065,"[14.789999999999983, 14.809999999999983]"
207,14.800284532696208,1.594505732500026,"[14.789999999999983, 14.809999999999983]"
208,14.800284519702135,1.5944962936586673,"[14.789999999999983, 14.809999999999983]"
209,14.800284505614604,1.5944869209550114,"[14.789999999999983, 14.809999999999983]"
210,14.800284492127421,1.5944776136959857,"[14.789999999999983, 14.809999999999983]"
211,14.800284478754236,1.5944683711981364,"[14.789999999999983, 14.809999999999983]"
212,14.800284465220585,1.594459192787524,"[14.789999999999983, 14.809999999999983]"
213,14.800284452069384,1.594450077799523,"[14.789999999999983, 14.809999999999983]"
214,14.80028443820806,1.5944410255786716,"[14.789999999999983, 14.809999999999983]"
215,14.800284425422307,1.594432035478521,"[14.789999999999983, 14.809999999999983]"
216,14.800284412589592,1.5944231068614527,"[14.789999999999983, 14.809999999999983]"
217,14.800284399950032,1.5944142390985612,"[14.789999999999983, 14.809999999999983]"
218,14.800284387532333,1.594405431569484,"[14.789999999999983, 14.809999999999983]"
219,14.800284375576974,1.5943966836622925,"[14.789999999999983, 14.809999999999983]"
220,14.800284362809986,1.5943879947732917,"[14.789999999999983, 14.809999999999983]"
221,14.800284351532174,1.5943793643069146,"[14.789999999999983, 14.809999999999983]"
222,14.800284337893185,1.5943707916756047,"[14.789999999999983, 14.809999999999983]"
223,14.800284326195117,1.5943622762996446,"[14.789999999999983, 14.809999999999983]"
2,14.771205620010083,1.5643962470653756,"[14.759999999999984, 14.779999999999983]"
1,14.77120561979015,1.5643962470653745,"[14.759999999999984, 14.779999999999983]"
0,14.00999959143651,1.0,"[14.0, 14.01]"
